Workbook

Sheet Summary
A1: Total System Bill of Materials
A2: Intelligent Safety Gear Compliance, Health Monitoring, and Navigation System for Miners
A3: Change the yellow deployment-scale cells below; every sheet and total recalculates automatically.
A5: Deployment Scale (editable)
A6: Number of workers (wearable hubs) | B6: 20 | D6: <- workers
A7: Number of entry chambers (checkpoints) | B7: 2 | D7: <- chambers
A8: Number of underground repeater nodes | B8: 8 | D8: <- repeaters
A9: Number of surface gateways | B9: 1 | D9: <- gateways
A10: Number of on-premise servers | B10: 1 | D10: <- servers
A13: Subsystem Cost Summary
A14: Subsystem | B14: Unit cost (1x) INR | C14: Units deployed | D14: Subtotal (INR)
A15: Worker Wearable Hub (incl. tags) | B15: ='Wearable Hub'!$I$19 -> 5115 | C15: =B6 -> 20 | D15: ='Wearable Hub'!$I$20 -> 102300
A16: Entry Chamber (checkpoint) | B16: ='Entry Chamber'!$I$12 -> 46850 | C16: =B7 -> 2 | D16: ='Entry Chamber'!$I$13 -> 93700
A17: Underground Repeater Node | B17: ='Repeater Node'!$I$10 -> 4750 | C17: =B8 -> 8 | D17: ='Repeater Node'!$I$11 -> 38000
A18: Surface Gateway | B18: ='Surface & Server'!$I$8 -> 22000 | C18: =B9 -> 1 | D18: ='Surface & Server'!$I$9 -> 22000
A19: On-Premise Server | B19: ='Surface & Server'!$I$12 -> 45000 | C19: =B10 -> 1 | D19: ='Surface & Server'!$I$13 -> 45000
A20: GRAND TOTAL (Pilot Deployment) | D20: =SUM(D15:D19) -> 301000
A22: Note: costs are indicative India-market approximations for prototype/pilot budgeting as of mid-2026. Verify against current supplier quotes before finalizing a purchase order.

Sheet Wearable Hub
A1: Wearable Hub — Bill of Materials
A2: One complete worker wearable unit, including the four PPE item tags issued with it.
A4: S.No | B4: Component | C4: Specification / Part Number | D4: Function | E4: Unit Price (INR) | F4: Qty per Unit | G4: Deployed Units | H4: Total Qty | I4: Total Price (INR)
A5: 1 | B5: Microcontroller | C5: ESP32-WROOM-32 Dev Board (Espressif, dual-core 240MHz, Wi-Fi + BLE 5.0) | D5: Central controller; sensor aggregation and radio management | E5: 450 | F5: 1 | G5: =Summary!$B$6 -> 20 | H5: =F5*G5 -> 20 | I5: =E5*H5 -> 9000
A6: 2 | B6: UWB Positioning Module | C6: DWM3000 (Qorvo/Decawave, IEEE 802.15.4z compliant) | D6: Sub-metre ranging against fixed underground UWB anchors | E6: 2000 | F6: 1 | G6: =Summary!$B$6 -> 20 | H6: =F6*G6 -> 20 | I6: =E6*H6 -> 40000
A7: 3 | B7: Inertial Measurement Unit | C7: MPU-6050 (InvenSense, 6-axis accelerometer + gyroscope, I2C) | D7: Fall/impact detection, dead-reckoning between UWB fixes | E7: 100 | F7: 1 | G7: =Summary!$B$6 -> 20 | H7: =F7*G7 -> 20 | I7: =E7*H7 -> 2000
A8: 4 | B8: Heart Rate / SpO2 Sensor | C8: MAX30102 (Analog Devices, PPG optical sensor, I2C) | D8: Continuous heart rate and blood-oxygen monitoring | E8: 200 | F8: 1 | G8: =Summary!$B$6 -> 20 | H8: =F8*G8 -> 20 | I8: =E8*H8 -> 4000
A9: 5 | B9: Body Temperature Sensor | C9: MLX90614 (Melexis, non-contact IR thermometer, ±0.5°C, I2C) | D9: Continuous non-contact body temperature | E9: 600 | F9: 1 | G9: =Summary!$B$6 -> 20 | H9: =F9*G9 -> 20 | I9: =E9*H9 -> 12000
A10: 6 | B10: LoRa Radio Module | C10: SX1262-based module, e.g. E22-900T22S (Semtech, 868/915MHz, +22dBm) | D10: Long-range low-power backhaul to nearest repeater | E10: 400 | F10: 1 | G10: =Summary!$B$6 -> 20 | H10: =F10*G10 -> 20 | I10: =E10*H10 -> 8000
A11: 7 | B11: NFC Reader Module | C11: PN532 (NXP, 13.56MHz, I2C/SPI/UART) | D11: Reads worker ID badge at shift start, binds session to hub | E11: 350 | F11: 1 | G11: =Summary!$B$6 -> 20 | H11: =F11*G11 -> 20 | I11: =E11*H11 -> 7000
A12: 8 | B12: Gas Sensor (optional) | C12: MQ-2 module (combustible gas / smoke, analog output) | D12: Local per-worker hazard sensing | E12: 150 | F12: 1 | G12: =Summary!$B$6 -> 20 | H12: =F12*G12 -> 20 | I12: =E12*H12 -> 3000
A13: 9 | B13: Helmet Strap Microswitch | C13: SPDT micro limit switch, panel-mount | D13: Mechanical confirmation the chin strap is fastened | E13: 40 | F13: 1 | G13: =Summary!$B$6 -> 20 | H13: =F13*G13 -> 20 | I13: =E13*H13 -> 800
A14: 10 | B14: SOS Push Button | C14: 12mm waterproof momentary switch, illuminated | D14: Manual emergency escalation, bypasses automated rules | E14: 30 | F14: 1 | G14: =Summary!$B$6 -> 20 | H14: =F14*G14 -> 20 | I14: =E14*H14 -> 600
A15: 11 | B15: Battery Pack | C15: 18650 Li-ion cell, 3.7V 3400mAh (e.g. Samsung/LG INR18650) + TP4056 charge module | D15: Power for a full 8+ hour shift | E15: 350 | F15: 1 | G15: =Summary!$B$6 -> 20 | H15: =F15*G15 -> 20 | I15: =E15*H15 -> 7000
A16: 12 | B16: Enclosure, PCB & Wiring | C16: Custom IP66-rated ABS enclosure, PCB, connectors | D16: Housing, protection, and assembly | E16: 300 | F16: 1 | G16: =Summary!$B$6 -> 20 | H16: =F16*G16 -> 20 | I16: =E16*H16 -> 6000
... A18: 14 | B18: PPE UHF RFID Tags | C18: Alien Higgs-3 UHF inlay (860-960MHz, EPC Gen2, adhesive) | D18: Embedded in helmet, vest, gloves, and boots (4 items) | E18: 30 | F18: 4 | G18: =Summary!$B$6 -> 20 | H18: =F18*G18 -> 80 | I18: =E18*H18 -> 2400
D19: Cost per single unit (before multiplying by deployed count) | I19: =SUMPRODUCT(E5:E18,F5:F18) -> 5115
D20: Subtotal for all deployed units | I20: =SUM(I5:I18) -> 102300

Sheet Entry Chamber
A1: Entry Chamber — Bill of Materials
A2: One checkpoint (e.g. lamp room / shaft entrance) with PPE assignment and camera verification.
A4: S.No | B4: Component | C4: Specification / Part Number | D4: Function | E4: Unit Price (INR) | F4: Qty per Unit | G4: Deployed Units | H4: Total Qty | I4: Total Price (INR)
A5: 1 | B5: UHF RFID Fixed Reader | C5: Chainway UR4, 4-port fixed reader (860-960MHz, EPC Gen2, Ethernet/RS232/Wiegand) | D5: Reads all PPE tags present in the chamber portal | E5: 28000 | F5: 1 | G5: =Summary!$B$7 -> 2 | H5: =F5*G5 -> 2 | I5: =E5*H5 -> 56000
A6: 2 | B6: UHF Panel Antenna | C6: 8dBi circular-polarized UHF antenna | D6: Portal read coverage across the walkway | E6: 3000 | F6: 2 | G6: =Summary!$B$7 -> 2 | H6: =F6*G6 -> 4 | I6: =E6*H6 -> 12000
A7: 3 | B7: Edge AI Compute Unit | C7: Raspberry Pi 4 Model B, 4GB RAM | D7: Runs TensorFlow Lite YOLO PPE-detection model locally | E7: 5500 | F7: 1 | G7: =Summary!$B$7 -> 2 | H7: =F7*G7 -> 2 | I7: =E7*H7 -> 11000
A8: 4 | B8: AI Verification Camera | C8: Raspberry Pi Camera Module 3 (12MP, autofocus) | D8: Captures worker image for camera-based PPE confirmation | E8: 2500 | F8: 1 | G8: =Summary!$B$7 -> 2 | H8: =F8*G8 -> 2 | I8: =E8*H8 -> 5000
A9: 5 | B9: Fixed NFC Badge Reader | C9: PN532-based fixed reader unit, wall-mount | D9: Reads worker ID badge at chamber entrance | E9: 350 | F9: 1 | G9: =Summary!$B$7 -> 2 | H9: =F9*G9 -> 2 | I9: =E9*H9 -> 700
A10: 6 | B10: Electromagnetic Door Lock | C10: 12V DC solenoid lock, 280kg holding force | D10: Gate lock; releases only on verified PPE compliance | E10: 1500 | F10: 1 | G10: =Summary!$B$7 -> 2 | H10: =F10*G10 -> 2 | I10: =E10*H10 -> 3000
A11: 7 | B11: Power Supply & Mounting Hardware | C11: 12V/5V SMPS, frame and mounting brackets | D11: Chamber power and physical structure | E11: 3000 | F11: 1 | G11: =Summary!$B$7 -> 2 | H11: =F11*G11 -> 2 | I11: =E11*H11 -> 6000
D12: Cost per single unit (before multiplying by deployed count) | I12: =SUMPRODUCT(E5:E11,F5:F11) -> 46850
D13: Subtotal for all deployed units | I13: =SUM(I5:I11) -> 93700

Sheet Repeater Node
A1: Repeater Node — Bill of Materials
A2: One fixed underground node combining a UWB anchor and a communications relay.
A4: S.No | B4: Component | C4: Specification / Part Number | D4: Function | E4: Unit Price (INR) | F4: Qty per Unit | G4: Deployed Units | H4: Total Qty | I4: Total Price (INR)
A5: 1 | B5: UWB Anchor Module | C5: DWM3000 (Qorvo/Decawave), fixed and surveyed installation | D5: Fixed positioning reference point for worker ranging | E5: 2000 | F5: 1 | G5: =Summary!$B$8 -> 8 | H5: =F5*G5 -> 8 | I5: =E5*H5 -> 16000
A6: 2 | B6: LoRa Relay Transceivers | C6: SX1262-based modules (e.g. E22-900T22S) | D6: One link toward worker side, one toward next hop to surface | E6: 400 | F6: 2 | G6: =Summary!$B$8 -> 8 | H6: =F6*G6 -> 16 | I6: =E6*H6 -> 6400
A7: 3 | B7: Local Aggregator | C7: ESP32-WROOM-32 (light junctions) or Raspberry Pi 4 (busy junctions) | D7: Buffers and forwards data if next hop briefly unreachable | E7: 450 | F7: 1 | G7: =Summary!$B$8 -> 8 | H7: =F7*G7 -> 8 | I7: =E7*H7 -> 3600
A8: 4 | B8: Enclosure | C8: IP67 polycarbonate junction enclosure (ATEX-rated variant for gassy coal mines) | D8: Protection against dust, humidity, and vibration | E8: 800 | F8: 1 | G8: =Summary!$B$8 -> 8 | H8: =F8*G8 -> 8 | I8: =E8*H8 -> 6400
A9: 5 | B9: Power Module | C9: Mains-tap PSU with 12V/2200mAh battery backup | D9: Node power with backup during mains interruption | E9: 700 | F9: 1 | G9: =Summary!$B$8 -> 8 | H9: =F9*G9 -> 8 | I9: =E9*H9 -> 5600
D10: Cost per single unit (before multiplying by deployed count) | I10: =SUMPRODUCT(E5:E9,F5:F9) -> 4750
D11: Subtotal for all deployed units | I11: =SUM(I5:I9) -> 38000

Sheet Surface & Server
A1: Surface & Server — Bill of Materials
A2: Surface gateway and on-premise server, priced separately since they scale on their own counts.
A4: S.No | B4: Component | C4: Specification / Part Number | D4: Function | E4: Unit Price (INR) | F4: Qty per Unit | G4: Deployed Units | H4: Total Qty | I4: Total Price (INR)
A5: 1 | B5: Industrial LTE/Ethernet Gateway | C5: Teltonika RUT956, dual-SIM 4G router with Ethernet and I/O | D5: Aggregates repeater chain data, uplinks to internet | E5: 12000 | F5: 1 | G5: =Summary!$B$9 -> 1 | H5: =F5*G5 -> 1 | I5: =E5*H5 -> 12000
A6: 2 | B6: LoRa Concentrator Gateway | C6: RAK2245, 8-channel LoRaWAN concentrator (Raspberry Pi HAT) | D6: Aggregates LoRa traffic from the repeater chain | E6: 8000 | F6: 1 | G6: =Summary!$B$9 -> 1 | H6: =F6*G6 -> 1 | I6: =E6*H6 -> 8000
A7: 3 | B7: Surface Antenna & Enclosure | C7: Combo LoRa/4G antenna, IP65 outdoor enclosure | D7: Surface unit housing and connectivity | E7: 2000 | F7: 1 | G7: =Summary!$B$9 -> 1 | H7: =F7*G7 -> 1 | I7: =E7*H7 -> 2000
D8: Cost per single gateway | I8: =SUMPRODUCT(E5:E7,F5:F7) -> 22000
D9: Subtotal for all deployed gateways | I9: =SUM(I5:I7) -> 22000
A11: 1 | B11: On-Premise Edge Server | C11: Mini-PC / Edge Server, e.g. Intel NUC 13 Pro (i5, 16GB RAM, 512GB SSD) | D11: Hosts multilateration engine, database, and dashboard backend | E11: 45000 | F11: 1 | G11: =Summary!$B$10 -> 1 | H11: =F11*G11 -> 1 | I11: =E11*H11 -> 45000
D12: Cost per single server | I12: =SUMPRODUCT(E11:E11,F11:F11) -> 45000
D13: Subtotal for all deployed servers | I13: =SUM(I11:I11) -> 45000
A15: Note: cloud-hosted alternative (AWS/Azure VM) available in place of the on-premise server, at an approximate recurring cost of INR 3,000-6,000/month instead of the one-time capex above.
